variable,mae,count
so,0.24081385135650635,3300
thetao,0.20505286753177643,3300
uo,0.011201739311218262,3300
vo,0.013577470555901527,3300
